b_booking_id,b_user_id,b_checkin,b_checkout,b_device_class,b_affiliate_id,b_utrip_id,b_city_id,b_city,b_country
2000001,1024998,8/1/24,8/2/24,desktop,7974,1024998_1,64876,Las Vegas,United States
2000188,1024998,8/2/24,8/5/24,desktop,2661,1024998_1,64876,Las Vegas,United States
2000375,1024998,8/5/24,8/8/24,desktop,7974,1024998_1,55128,Miami,United States
2000562,1024998,8/8/24,8/10/24,desktop,3451,1024998_1,19444,Toronto,Canada
2000749,1024998,8/10/24,8/12/24,desktop,3634,1024998_1,36170,Montreal,Canada
2000936,1024998,8/12/24,8/13/24,desktop,2661,1024998_1,64269,Vancouver,Canada
2001123,1025043,3/18/24,3/23/24,desktop,1432,1025043_1,14549,Phuket,Thailand
2001310,1025043,3/23/24,3/24/24,desktop,2661,1025043_1,47499,Bangkok,Thailand
2001497,1025043,3/24/24,3/25/24,mobile,359,1025043_1,47499,Bangkok,Thailand
2001684,1025092,7/15/24,7/16/24,desktop,4404,1025092_1,47759,Hong Kong,Hong Kong
2001871,1025092,7/17/24,7/18/24,desktop,7974,1025092_1,52933,Hong Kong,Hong Kong
2002058,1025313,6/4/24,6/6/24,mobile,359,1025313_1,1034,Dammam,Saudi Arabia
2002245,1025313,6/6/24,6/8/24,mobile,359,1025313_1,60002,Riyadh,Saudi Arabia
2002432,1025313,6/8/24,6/9/24,mobile,359,1025313_1,43306,Montreal,Canada
2002619,102542,6/15/24,6/17/24,desktop,2436,102542_1,3763,New York City,United States
2002806,1025515,2/15/24,2/16/24,desktop,9924,1025515_2,34342,Nice,France
2002993,1025539,7/23/24,7/24/24,desktop,7490,1025539_2,30520,Las Vegas,United States
2003180,1025539,7/24/24,7/27/24,desktop,384,1025539_2,66648,Orlando,United States
2003367,1025650,11/11/24,11/15/24,desktop,9420,1025650_2,51259,Tokyo,Japan
2003554,1025650,11/15/24,11/18/24,desktop,3449,1025650_2,51259,Tokyo,Japan
2003741,1025860,7/9/24,7/12/24,desktop,8022,1025860_1,38677,Dallas,United States
2003928,1025860,7/12/24,7/14/24,desktop,3518,1025860_1,21328,Washington D.C.,United States
2004115,1025883,7/18/24,7/21/24,desktop,4541,1025883_1,13530,Chiang Mai,Thailand
2004302,1026072,9/30/24,10/2/24,desktop,10557,1026072_1,64876,Las Vegas,United States
2004489,1026072,10/2/24,10/4/24,desktop,2605,1026072_1,55128,Miami,United States
2004676,1026072,10/4/24,10/6/24,desktop,10557,1026072_1,17127,New York City,United States
2004863,1026072,10/6/24,10/7/24,desktop,9924,1026072_1,6788,Houston,United States
2005050,1026072,10/7/24,10/8/24,desktop,2463,1026072_1,9608,Washington D.C.,United States
2005237,1026205,5/10/24,5/11/24,desktop,9598,1026205_1,47759,Hong Kong,Hong Kong
2005424,1026205,5/13/24,5/14/24,desktop,5357,1026205_1,52933,Hong Kong,Hong Kong
2005611,1026288,4/9/24,4/12/24,desktop,9924,1026288_1,66648,Orlando,United States
2005798,1026288,4/12/24,4/13/24,desktop,9924,1026288_1,18417,San Francisco,United States
2005985,1026288,4/13/24,4/15/24,desktop,9924,1026288_1,30520,Las Vegas,United States
2006172,1026301,9/9/24,9/11/24,desktop,384,1026301_1,31890,Brussels,Belgium
2006359,1026301,9/11/24,9/12/24,desktop,384,1026301_1,55284,Brussels,Belgium
2006546,1026301,9/12/24,9/13/24,desktop,384,1026301_1,17438,Brussels,Belgium
2006733,102631,5/31/24,6/1/24,desktop,9924,102631_4,56198,Bristol,United Kingdom
2006920,1026412,1/19/24,1/20/24,mobile,9924,1026412_1,51999,Durban,South Africa
2007107,1026412,1/21/24,1/22/24,mobile,9452,1026412_1,60143,Jeju,South Africa
2007294,1026496,5/29/24,6/1/24,mobile,359,1026496_2,48483,New York City,United States
2007481,1026600,8/12/24,8/14/24,desktop,8436,1026600_1,62185,Prague,Czech Republic
2007668,1026726,2/12/24,2/13/24,mobile,10332,1026726_1,735,Seoul,South Korea
2007855,102679,2/11/24,2/13/24,desktop,7974,102679_1,26436,Cancún,Mexico
2008042,102679,2/13/24,2/14/24,mobile,4775,102679_1,2369,Mexico City,Mexico
2008229,102679,2/14/24,2/15/24,mobile,359,102679_1,26436,Cancún,Mexico
2008416,1026823,7/23/24,7/25/24,desktop,4404,1026823_1,26345,Bangkok,Thailand
2008603,1026823,7/25/24,7/26/24,desktop,9924,1026823_1,26345,Bangkok,Thailand
2008790,1027081,12/22/24,12/24/24,mobile,9452,1027081_1,23921,San Francisco,United States
2008977,1027081,12/26/24,12/27/24,mobile,9452,1027081_1,5325,Miami,United States
2009164,1027362,7/19/24,7/20/24,mobile,359,1027362_3,45188,Dublin,Ireland
2009351,1027362,7/22/24,7/24/24,mobile,359,1027362_3,36063,Mecca,Saudi Arabia
2009538,1027449,10/9/24,10/14/24,desktop,9924,1027449_1,28154,Sydney,Australia
2009725,1027449,10/16/24,10/18/24,desktop,9924,1027449_1,21929,Antalya,Turkey
2009912,1027561,3/20/24,3/21/24,mobile,359,1027561_1,51999,Durban,South Africa
2010099,1027561,3/21/24,3/23/24,mobile,359,1027561_1,8766,Cape Town,South Africa
2010286,1027576,3/5/24,3/7/24,desktop,9924,1027576_1,47499,Bangkok,Thailand
2010473,1027576,3/7/24,3/9/24,desktop,9627,1027576_1,26345,Bangkok,Thailand
2010660,10275,6/30/24,7/1/24,desktop,9924,10275_1,1910,Jeju,South Africa
2010847,10275,7/2/24,7/4/24,desktop,9924,10275_1,735,Seoul,South Korea
2011034,1027632,6/2/24,6/3/24,desktop,3451,1027632_1,26436,Cancún,Mexico
2011221,1027632,6/3/24,6/5/24,desktop,3451,1027632_1,46026,Mexico City,Mexico
2011408,1027632,6/5/24,6/7/24,desktop,3451,1027632_1,2369,Mexico City,Mexico
2011595,1027632,6/7/24,6/8/24,mobile,359,1027632_1,26436,Cancún,Mexico
2011782,1027671,8/20/24,8/23/24,mobile,359,1027671_2,9608,Washington D.C.,United States
2011969,1027671,8/23/24,8/24/24,mobile,359,1027671_2,21929,Antalya,Turkey
2012156,102777,9/15/24,9/17/24,desktop,384,102777_1,47378,Philadelphia,United States
2012343,102777,9/18/24,9/20/24,desktop,5755,102777_1,14827,Orlando,United States
2012530,1027819,11/26/24,11/27/24,mobile,9924,1027819_1,55,Las Vegas,United States
2012717,1027819,11/28/24,11/29/24,desktop,2661,1027819_1,23921,San Francisco,United States
2012904,1027838,7/31/24,8/3/24,desktop,1601,1027838_1,64876,Las Vegas,United States
2013091,1027838,8/4/24,8/5/24,desktop,1601,1027838_1,14827,Orlando,United States
2013278,1027838,8/5/24,8/7/24,desktop,1601,1027838_1,55128,Miami,United States
2013465,1027942,6/3/24,6/6/24,desktop,6744,1027942_1,29319,Los Angeles,United States
2013652,1027942,6/6/24,6/9/24,mobile,359,1027942_1,23921,San Francisco,United States
2013839,1027942,6/9/24,6/10/24,mobile,359,1027942_1,13931,Portland,United States
2014026,1028076,7/17/24,7/23/24,desktop,9924,1028076_1,17013,Rome,Italy
2014213,1028076,7/21/24,7/22/24,desktop,9924,1028076_1,9680,Florence,Italy
2014400,1028169,6/30/24,7/1/24,desktop,9924,1028169_4,9526,Krabi,Thailand
2014587,1054343,1/12/24,1/13/24,mobile,359,1054343_1,58178,Medina,Saudi Arabia
2014774,1054560,6/15/24,6/16/24,desktop,9924,1054560_2,66815,Orlando,United States
2014961,1036440,8/12/24,8/13/24,desktop,9924,1036440_1,48483,New York City,United States
2015148,1036440,8/19/24,8/20/24,desktop,2661,1036440_1,13931,Portland,United States
2015335,1036444,4/5/24,4/8/24,desktop,384,1036444_1,47759,Hong Kong,Hong Kong
2015522,1036684,9/24/24,9/26/24,desktop,2661,1036684_1,36073,Seoul,South Korea
2015709,1036684,9/29/24,9/30/24,desktop,2661,1036684_1,735,Seoul,South Korea
2015896,1036684,9/30/24,10/1/24,desktop,2661,1036684_1,1910,Jeju,South Africa
2016083,1036684,10/1/24,10/4/24,desktop,7974,1036684_1,8766,Cape Town,South Africa
2016270,1036684,10/4/24,10/6/24,desktop,6744,1036684_1,51999,Durban,South Africa
2016457,10367,4/10/24,4/13/24,desktop,5755,10367_1,3082,Chiba,Japan
2016644,10367,4/13/24,4/17/24,desktop,9598,10367_1,47976,Tokyo,Japan
2016831,10367,4/17/24,4/19/24,desktop,5755,10367_1,47976,Tokyo,Japan
2017018,10367,4/19/24,4/22/24,desktop,10332,10367_1,28273,Kyoto,Japan
2017205,1037136,10/7/24,10/10/24,mobile,3449,1037136_1,47193,Hurghada,Egypt
2017392,1037136,10/13/24,10/14/24,mobile,3449,1037136_1,47527,Fukuoka,Japan
2017579,1037224,2/9/25,2/11/25,desktop,384,1037224_1,31057,Pattaya,Thailand
2017766,1037278,5/24/24,5/27/24,desktop,9924,1037278_1,48483,New York City,United States
2017953,1037278,5/28/24,5/29/24,desktop,10332,1037278_1,55,Las Vegas,United States
2018140,1037278,5/29/24,5/30/24,desktop,10332,1037278_1,29319,Los Angeles,United States
2018327,1037340,9/3/24,9/5/24,desktop,9924,1037340_1,29770,York,United Kingdom
2018514,1037340,9/5/24,9/7/24,desktop,9924,1037340_1,56198,Bristol,United Kingdom
2018701,1037340,9/7/24,9/9/24,desktop,9924,1037340_1,44869,Edinburgh,United Kingdom
2018888,1037366,7/16/24,7/17/24,desktop,9924,1037366_1,18417,San Francisco,United States
2019075,1037366,7/17/24,7/18/24,desktop,384,1037366_1,30520,Las Vegas,United States
2019262,1037366,7/19/24,7/21/24,desktop,5755,1037366_1,47389,Washington D.C.,United States
2019449,1037410,10/12/24,10/13/24,desktop,9924,1037410_1,23714,Miami,United States
2019636,1037410,10/13/24,10/15/24,desktop,9924,1037410_1,30520,Las Vegas,United States
2019823,1037410,10/15/24,10/16/24,desktop,9924,1037410_1,18417,San Francisco,United States
2020010,1037410,10/16/24,10/19/24,desktop,9924,1037410_1,66648,Orlando,United States
2020197,1037555,11/5/24,11/9/24,mobile,359,1037555_1,2078,Amsterdam,Netherlands
2020384,1038253,2/9/24,2/11/24,desktop,3449,1038253_1,47527,Fukuoka,Japan
2020571,1038253,2/11/24,2/12/24,mobile,9452,1038253_1,47527,Fukuoka,Japan
2020758,1038349,6/19/24,6/21/24,desktop,4541,1038349_1,2748,Guangzhou,China
2020945,1038349,6/23/24,6/26/24,tablet,9627,1038349_1,46854,Shanghai,China
2021132,1038405,6/14/24,6/15/24,mobile,9924,1038405_2,21987,New Orleans,United States
2021319,1038405,6/15/24,6/16/24,mobile,9924,1038405_2,23921,San Francisco,United States
2021506,1038497,12/9/24,12/10/24,mobile,359,1038497_2,42356,Ha Long,Vietnam
2021693,1038659,2/4/25,2/7/25,desktop,7974,1038659_1,8335,Savannah,United States
2021880,1038659,2/7/25,2/9/25,desktop,7974,1038659_1,21328,Washington D.C.,United States
2022067,1038659,2/9/25,2/13/25,desktop,7974,1038659_1,48968,Honolulu,United States
2022254,1038755,9/6/24,9/9/24,desktop,1935,1038755_1,26235,Phuket,Thailand
2022441,1038755,9/11/24,9/13/24,desktop,1935,1038755_1,21480,Pattaya,Thailand
2022628,1038755,9/13/24,9/16/24,desktop,1935,1038755_1,13530,Chiang Mai,Thailand
2022815,1038907,2/2/24,2/5/24,mobile,359,1038907_1,7246,Hurghada,Egypt
2023002,1038944,2/7/25,2/10/25,desktop,8436,1038944_1,34342,Nice,France
2023189,1038944,2/10/25,2/11/25,desktop,8436,1038944_1,6582,Paris,France
2023376,1039219,8/2/24,8/5/24,desktop,9924,1039219_3,62185,Prague,Czech Republic
2023563,1039338,2/7/24,2/12/24,desktop,9924,1039338_1,26436,Cancún,Mexico
2023750,1039338,2/12/24,2/14/24,desktop,9924,1039338_1,2369,Mexico City,Mexico
2023937,103933,9/16/24,9/17/24,desktop,9924,103933_2,1034,Dammam,Saudi Arabia
2024124,103958,9/21/24,9/25/24,desktop,384,103958_1,46854,Shanghai,China
2024311,103958,9/28/24,9/29/24,desktop,384,103958_1,22065,Beijing,China
2024498,1039597,9/14/24,9/16/24,mobile,359,1039597_1,2416,Cairo,Egypt
2024685,1039597,9/16/24,9/19/24,desktop,1593,1039597_1,28479,Cairo,Egypt
2024872,1039597,9/19/24,9/23/24,mobile,359,1039597_1,47193,Hurghada,Egypt
2025059,1039598,7/29/24,8/8/24,mobile,359,1039598_3,47499,Bangkok,Thailand
2025246,1039672,6/15/24,6/18/24,tablet,3631,1039672_3,63151,Venice,Italy
2025433,1039861,9/22/24,9/24/24,desktop,384,1039861_2,66648,Orlando,United States
2025620,1039861,9/24/24,9/25/24,desktop,384,1039861_2,18417,San Francisco,United States
2025807,1039861,9/25/24,9/26/24,desktop,384,1039861_2,30520,Las Vegas,United States
2025994,1039869,7/10/24,7/11/24,desktop,3467,1039869_1,62185,Prague,Czech Republic
2026181,1039897,4/19/24,4/22/24,desktop,9627,1039897_1,66648,Orlando,United States
2026368,1039897,4/22/24,4/24/24,desktop,10332,1039897_1,18417,San Francisco,United States
2026555,1039897,4/24/24,4/26/24,desktop,10332,1039897_1,30520,Las Vegas,United States
2026742,1039982,8/31/24,9/2/24,desktop,5940,1039982_1,51291,Los Angeles,United States
2026929,1040249,1/19/25,1/27/25,desktop,9924,1040249_1,55763,Vienna,Austria
2027116,1040514,5/2/24,5/4/24,desktop,384,1040514_1,13530,Chiang Mai,Thailand
2027303,1040514,5/4/24,5/7/24,desktop,9924,1040514_1,26235,Phuket,Thailand
2027490,104057,7/26/24,7/30/24,desktop,9924,104057_2,31057,Pattaya,Thailand
2027677,104057,7/30/24,8/3/24,desktop,9924,104057_2,26345,Bangkok,Thailand
2027864,1040795,9/20/24,9/21/24,desktop,9924,1040795_1,43306,Montreal,Canada
2028051,1041020,4/9/24,4/11/24,desktop,9924,1041020_1,10485,Chiang Mai,Thailand
2028238,1041020,4/11/24,4/14/24,desktop,7974,1041020_1,14549,Phuket,Thailand
2028425,1041206,9/24/24,9/25/24,desktop,2661,1041206_1,48483,New York City,United States
2028612,1041206,9/25/24,9/26/24,desktop,2661,1041206_1,55,Las Vegas,United States
2028799,1041206,9/26/24,9/27/24,desktop,2661,1041206_1,29319,Los Angeles,United States
2028986,1041206,9/27/24,9/28/24,desktop,2661,1041206_1,23921,San Francisco,United States
2029173,1041206,9/28/24,9/29/24,desktop,2661,1041206_1,8750,Houston,United States
2029360,1041206,9/29/24,9/30/24,desktop,2661,1041206_1,22175,Philadelphia,United States
2029547,1041206,9/30/24,10/5/24,desktop,2661,1041206_1,13931,Portland,United States
2029734,1041507,11/3/24,11/4/24,mobile,8132,1041507_1,36063,Mecca,Saudi Arabia
2029921,1030643,6/25/24,6/27/24,mobile,6041,1030643_1,47499,Bangkok,Thailand
2030108,1030643,6/27/24,6/28/24,mobile,359,1030643_1,14549,Phuket,Thailand
2030295,1030759,9/19/24,9/20/24,tablet,9924,1030759_1,40521,Boston,United States
2030482,1031064,11/8/24,11/11/24,desktop,9924,1031064_1,47759,Hong Kong,Hong Kong
2030669,1031064,11/11/24,11/13/24,desktop,9924,1031064_1,52933,Hong Kong,Hong Kong
2030856,1031243,10/27/24,10/29/24,desktop,8436,1031243_5,21033,Atlanta,United States
2031043,1031360,7/25/24,7/27/24,desktop,9924,1031360_1,62541,Dallas,United States
2031230,1031360,7/27/24,7/29/24,desktop,9924,1031360_1,22490,San Jose,United States
2031417,103154,9/6/24,9/11/24,mobile,359,103154_1,4932,Florence,Italy
2031604,103154,9/11/24,9/13/24,mobile,359,103154_1,60222,Milan,Italy
2031791,1031558,8/23/24,8/25/24,desktop,9924,1031558_1,21480,Pattaya,Thailand
2031978,1031655,1/5/25,1/6/25,desktop,9924,1031655_6,25025,Johannesburg,South Africa
2032165,1031655,1/11/25,1/15/25,desktop,9924,1031655_6,31890,Brussels,Belgium
2032352,1031806,4/1/24,4/2/24,desktop,9924,1031806_2,29770,York,United Kingdom
2032539,1031806,4/6/24,4/7/24,desktop,9924,1031806_2,60274,Jakarta,Indonesia
2032726,1032060,9/22/24,9/23/24,desktop,1601,1032060_1,47759,Hong Kong,Hong Kong
2032913,1032060,9/26/24,9/27/24,desktop,9924,1032060_1,52933,Hong Kong,Hong Kong
2033100,1032060,9/28/24,9/29/24,desktop,9924,1032060_1,47759,Hong Kong,Hong Kong
2033287,1032068,11/6/24,11/8/24,desktop,3449,1032068_1,52815,Barcelona,Spain
2033474,1032068,11/8/24,11/11/24,mobile,9452,1032068_1,52815,Barcelona,Spain
2033661,103263,10/28/24,10/30/24,mobile,9452,103263_1,51135,Bangalore,India
2033848,1032901,6/18/24,6/20/24,tablet,9924,1032901_1,44869,Edinburgh,United Kingdom
2034035,1032923,4/21/24,4/22/24,mobile,9924,1032923_1,37689,Riyadh,Saudi Arabia
2034222,1032923,4/24/24,4/25/24,mobile,9924,1032923_1,19444,Toronto,Canada
2034409,1032923,4/25/24,4/26/24,mobile,9924,1032923_1,36170,Montreal,Canada
2034596,1032923,4/26/24,4/27/24,mobile,9924,1032923_1,64269,Vancouver,Canada
2034783,1032923,4/27/24,4/29/24,mobile,9924,1032923_1,29770,York,United Kingdom
2034970,1033333,9/19/24,9/22/24,desktop,9924,1033333_3,12308,Jaipur,India
2035157,1033353,10/21/24,10/22/24,mobile,8436,1033353_1,2416,Cairo,Egypt
2035344,1033357,5/16/24,5/17/24,tablet,9924,1033357_1,60002,Riyadh,Saudi Arabia
2035531,1033436,9/3/24,9/5/24,desktop,3449,1033436_2,36063,Mecca,Saudi Arabia
2035718,1033719,12/19/24,12/22/24,desktop,7360,1033719_4,6582,Paris,France
2035905,1033719,12/30/24,1/1/25,desktop,5121,1033719_4,6582,Paris,France
2036092,1033773,1/25/25,1/28/25,desktop,116,1033773_2,8766,Cape Town,South Africa
2036279,1033773,1/28/25,1/30/25,desktop,7974,1033773_2,51999,Durban,South Africa
2036466,1033773,1/30/25,2/1/25,desktop,7974,1033773_2,1910,Jeju,South Africa
2036653,10338,1/19/25,1/20/25,desktop,10045,10338_1,46258,London,United Kingdom
2036840,10338,1/20/25,1/21/25,desktop,3451,10338_1,29770,York,United Kingdom
2037027,10338,1/21/25,1/22/25,desktop,3451,10338_1,55196,Muğla,Turkey
2037214,10338,1/23/25,1/26/25,desktop,10045,10338_1,21929,Antalya,Turkey
2037401,103401,4/1/24,4/2/24,desktop,9924,103401_1,65322,Boston,United States
2037588,103401,4/4/24,4/5/24,desktop,9924,103401_1,23921,San Francisco,United States
2037775,10341,1/12/25,1/16/25,desktop,3724,10341_1,47499,Bangkok,Thailand
2037962,10341,1/16/25,1/23/25,desktop,4568,10341_1,10485,Chiang Mai,Thailand
2038149,10341,1/23/25,1/26/25,desktop,8094,10341_1,9526,Krabi,Thailand
2038336,1034376,7/16/24,7/18/24,mobile,359,1034376_3,23921,San Francisco,United States
2038523,1034482,5/6/24,5/8/24,desktop,797,1034482_1,9608,Washington D.C.,United States
2038710,1034482,5/8/24,5/11/24,desktop,797,1034482_1,55128,Miami,United States
2038897,1034507,5/1/24,5/2/24,desktop,384,1034507_1,47389,Washington D.C.,United States
2039084,1034507,5/3/24,5/5/24,desktop,384,1034507_1,66648,Orlando,United States
2039271,1034507,5/5/24,5/7/24,desktop,384,1034507_1,18417,San Francisco,United States
2039458,1034507,5/7/24,5/10/24,desktop,384,1034507_1,30520,Las Vegas,United States
2039645,1034518,8/14/24,8/19/24,mobile,9924,1034518_1,3082,Chiba,Japan
2039832,1034518,8/19/24,8/23/24,mobile,9924,1034518_1,47976,Tokyo,Japan
2040019,1034518,8/25/24,8/27/24,mobile,9924,1034518_1,15990,Osaka,Japan
2040206,1034518,8/29/24,9/1/24,mobile,9924,1034518_1,2612,Fukuoka,Japan
2040393,1034596,6/6/24,6/8/24,desktop,384,1034596_1,66648,Orlando,United States
2040580,1034596,6/8/24,6/10/24,desktop,384,1034596_1,18417,San Francisco,United States
2040767,1034596,6/10/24,6/12/24,desktop,384,1034596_1,30520,Las Vegas,United States
2040954,1034724,6/9/24,6/11/24,mobile,359,1034724_1,29770,York,United Kingdom
2041141,1034724,6/11/24,6/12/24,mobile,359,1034724_1,46258,London,United Kingdom
2041328,1034724,6/14/24,6/17/24,mobile,359,1034724_1,21929,Antalya,Turkey
2041515,1034724,6/17/24,6/19/24,mobile,359,1034724_1,16521,Kuala Lumpur,Malaysia
2041702,1034724,6/19/24,6/20/24,mobile,359,1034724_1,63418,Johor Bahru,Malaysia
2041889,1034857,5/4/24,5/5/24,desktop,4541,1034857_1,13530,Chiang Mai,Thailand
2042076,1035265,6/25/24,7/1/24,mobile,359,1035265_2,64876,Las Vegas,United States
2042263,1035280,10/11/24,10/13/24,desktop,384,1035280_1,18417,San Francisco,United States
2042450,1035280,10/13/24,10/15/24,desktop,384,1035280_1,30520,Las Vegas,United States
2042637,1035280,10/15/24,10/17/24,desktop,384,1035280_1,23714,Miami,United States
2042824,1035340,7/6/24,7/8/24,mobile,359,1035340_1,26436,Cancún,Mexico
2043011,1035610,2/13/25,2/16/25,desktop,3179,1035610_1,29319,Los Angeles,United States
2043198,1035610,2/18/25,2/19/25,desktop,4541,1035610_1,23921,San Francisco,United States
2043385,1035687,7/30/24,8/6/24,mobile,359,1035687_1,27404,Chicago,United States
2043572,1035687,8/6/24,8/10/24,mobile,359,1035687_1,38677,Dallas,United States
2043759,1035687,8/12/24,8/13/24,mobile,359,1035687_1,8335,Savannah,United States
2043946,1035691,8/16/24,8/17/24,mobile,359,1035691_2,56198,Bristol,United Kingdom
2044133,1035717,3/1/24,3/3/24,desktop,2311,1035717_1,2416,Cairo,Egypt
2044320,1035717,3/3/24,3/6/24,desktop,7097,1035717_1,28479,Cairo,Egypt
2044507,1035746,8/9/24,8/10/24,mobile,359,1035746_1,53859,Manchester,United Kingdom
2044694,1035930,9/6/24,9/8/24,desktop,82,1035930_2,23921,San Francisco,United States
2044881,1035940,7/28/24,7/29/24,mobile,359,1035940_1,32821,Pitsburg,United States
2045068,100636,6/29/24,7/1/24,desktop,2230,100636_2,30520,Las Vegas,United States
2045255,100641,9/16/24,9/17/24,desktop,9924,100641_1,23921,San Francisco,United States
2045442,1006514,9/23/24,9/26/24,desktop,9924,1006514_1,36063,Mecca,Saudi Arabia
2045629,1006514,9/26/24,9/28/24,desktop,4959,1006514_1,60274,Jakarta,Indonesia
2045816,1006514,9/29/24,9/30/24,mobile,359,1006514_1,36063,Mecca,Saudi Arabia
2046003,1006514,9/30/24,10/3/24,desktop,9924,1006514_1,21929,Antalya,Turkey
2046190,100656,5/16/24,5/19/24,desktop,9924,100656_1,55763,Vienna,Austria
2046377,1006635,1/7/25,1/9/25,desktop,384,1006635_1,47499,Bangkok,Thailand
2046564,1006665,11/24/24,11/26/24,desktop,9970,1006665_1,735,Seoul,South Korea
2046751,1006665,11/26/24,11/28/24,desktop,9970,1006665_1,8766,Cape Town,South Africa
2046938,1006665,11/28/24,11/29/24,desktop,9970,1006665_1,51999,Durban,South Africa
2047125,1006718,9/11/24,9/14/24,desktop,4541,1006718_4,21929,Antalya,Turkey
2047312,1006880,7/2/24,7/4/24,desktop,2661,1006880_1,48968,Honolulu,United States
2047499,1006880,7/5/24,7/6/24,desktop,8225,1006880_1,21328,Washington D.C.,United States
2047686,1007020,1/23/25,1/25/25,mobile,359,1007020_2,26436,Cancún,Mexico
2047873,1007020,1/26/25,1/27/25,mobile,359,1007020_2,19448,Cancún,Mexico
2048060,1007020,1/27/25,1/29/25,mobile,359,1007020_2,46026,Mexico City,Mexico
2048247,1007020,1/29/25,1/31/25,mobile,359,1007020_2,2369,Mexico City,Mexico
2048434,1007156,4/24/24,4/25/24,desktop,7974,1007156_1,52818,Liverpool,United Kingdom
2048621,1007291,7/1/24,7/3/24,desktop,9924,1007291_1,53207,Berlin,Germany
2048808,1007390,9/24/24,9/29/24,mobile,9452,1007390_2,27404,Chicago,United States
2048995,1007444,10/12/24,10/13/24,desktop,8436,1007444_1,13530,Chiang Mai,Thailand
2049182,1007444,10/14/24,10/15/24,desktop,8436,1007444_1,26235,Phuket,Thailand
2049369,1007642,6/13/24,6/14/24,mobile,9136,1007642_2,55128,Miami,United States
2049556,1007642,6/15/24,6/16/24,mobile,5800,1007642_2,40521,Boston,United States
2049743,1007743,8/17/24,8/18/24,mobile,9471,1007743_1,47499,Bangkok,Thailand
2049930,1007755,6/9/24,6/10/24,desktop,2436,1007755_2,55196,Muğla,Turkey
2050117,1008027,8/24/24,8/27/24,desktop,9598,1008027_1,2416,Cairo,Egypt
2050304,1008027,8/27/24,9/1/24,desktop,3449,1008027_1,28479,Cairo,Egypt
2050491,1008035,7/30/24,8/2/24,mobile,9452,1008035_1,47976,Tokyo,Japan
2050678,1008035,8/2/24,8/5/24,mobile,9452,1008035_1,15990,Osaka,Japan
2050865,1008035,8/5/24,8/10/24,desktop,9924,1008035_1,28273,Kyoto,Japan
2051052,1008035,8/10/24,8/11/24,mobile,9452,1008035_1,28273,Kyoto,Japan
2051239,1008281,10/6/24,10/7/24,mobile,8436,1008281_1,45188,Dublin,Ireland
2051426,1008281,10/9/24,10/10/24,mobile,872,1008281_1,56198,Bristol,United Kingdom
2051613,1008331,10/26/24,10/29/24,desktop,9924,1008331_3,36063,Mecca,Saudi Arabia
2051800,1008331,10/29/24,10/30/24,mobile,359,1008331_3,1034,Dammam,Saudi Arabia
2051987,1008331,10/30/24,11/1/24,mobile,359,1008331_3,36063,Mecca,Saudi Arabia
2052174,100843,2/21/24,2/23/24,desktop,384,100843_1,18417,San Francisco,United States
2052361,100843,2/23/24,2/25/24,desktop,384,100843_1,66648,Orlando,United States
2052548,1008464,8/31/24,9/5/24,desktop,9924,1008464_1,47499,Bangkok,Thailand
2052735,1008464,9/5/24,9/9/24,desktop,9924,1008464_1,62611,Ho Chi Minh City,Vietnam
2052922,1008823,8/5/24,8/8/24,mobile,9452,1008823_1,52815,Barcelona,Spain
2053109,1008823,8/11/24,8/13/24,mobile,359,1008823_1,33022,Madrid,Spain
2053296,1008837,4/28/24,4/29/24,desktop,384,1008837_1,18417,San Francisco,United States
2053483,1008837,4/29/24,4/30/24,desktop,384,1008837_1,66648,Orlando,United States
2053670,1009142,7/19/24,7/22/24,desktop,384,1009142_1,47499,Bangkok,Thailand
2053857,1009142,7/25/24,7/26/24,mobile,9452,1009142_1,10485,Chiang Mai,Thailand
2054044,1009197,8/9/24,8/16/24,desktop,10332,1009197_3,34342,Nice,France
2054231,1009242,2/1/24,2/2/24,mobile,359,1009242_1,14549,Phuket,Thailand
2054418,1009298,1/19/25,1/21/25,mobile,359,1009298_2,6582,Paris,France
2054605,1009519,7/11/24,7/14/24,desktop,6543,1009519_2,47486,Kyoto,Japan
2054792,1009519,7/14/24,7/16/24,desktop,5755,1009519_2,3082,Chiba,Japan
2054979,1009519,7/18/24,7/22/24,desktop,5755,1009519_2,47976,Tokyo,Japan
2055166,1009560,7/1/24,7/13/24,mobile,359,1009560_1,51259,Tokyo,Japan
2055353,1009560,7/24/24,8/18/24,mobile,359,1009560_2,51259,Tokyo,Japan
2055540,1009921,11/8/24,11/17/24,mobile,359,1009921_3,2416,Cairo,Egypt
2055727,1009938,7/28/24,7/31/24,desktop,384,1009938_1,20345,San Francisco,United States
2055914,1009938,8/1/24,8/3/24,desktop,384,1009938_1,28829,Honolulu,United States
2056101,1009938,8/4/24,8/7/24,desktop,384,1009938_1,22490,San Jose,United States
2056288,1010345,9/30/24,10/3/24,mobile,934,1010345_1,16521,Kuala Lumpur,Malaysia
2056475,1010345,10/3/24,10/4/24,mobile,934,1010345_1,63418,Johor Bahru,Malaysia
2056662,101040,9/26/24,9/28/24,desktop,9924,101040_2,47759,Hong Kong,Hong Kong
2056849,101040,10/4/24,10/5/24,desktop,9924,101040_2,52933,Hong Kong,Hong Kong
2057036,101078,5/24/24,5/26/24,mobile,359,101078_1,52815,Barcelona,Spain
2057223,1010808,8/12/24,8/17/24,desktop,3449,1010808_2,29770,York,United Kingdom
2057410,1010959,6/13/24,6/14/24,desktop,7974,1010959_1,17013,Rome,Italy
2057597,1011143,7/5/24,7/8/24,desktop,384,1011143_1,47527,Fukuoka,Japan
2057784,1011143,7/12/24,7/14/24,desktop,8436,1011143_1,47486,Kyoto,Japan
2057971,1011248,9/8/24,9/10/24,tablet,3631,1011248_2,3763,New York City,United States
2058158,1011248,9/10/24,9/11/24,mobile,9452,1011248_2,58178,Medina,Saudi Arabia
2058345,1011248,9/12/24,9/14/24,tablet,3631,1011248_2,26235,Phuket,Thailand
2058532,1011278,5/28/24,6/1/24,desktop,4613,1011278_1,16521,Kuala Lumpur,Malaysia
2058719,1011278,6/1/24,6/2/24,desktop,2230,1011278_1,63418,Johor Bahru,Malaysia
2058906,1011409,8/1/24,8/6/24,desktop,1951,1011409_2,47499,Bangkok,Thailand
2059093,1011409,8/6/24,8/8/24,desktop,9924,1011409_2,10485,Chiang Mai,Thailand
2059280,1011409,1/23/25,1/28/25,mobile,7973,1011409_4,36063,Mecca,Saudi Arabia
2059467,1011409,1/28/25,1/29/25,mobile,7973,1011409_4,3763,New York City,United States
2059654,1011409,1/29/25,1/31/25,desktop,7973,1011409_4,18417,San Francisco,United States
2059841,1011531,12/7/24,12/8/24,mobile,359,1011531_1,51291,Los Angeles,United States
2060028,1011531,12/8/24,12/10/24,mobile,359,1011531_1,26235,Phuket,Thailand
2060215,1000441,5/29/24,6/1/24,desktop,9924,1000441_1,47759,Hong Kong,Hong Kong
2060402,1000441,6/2/24,6/3/24,desktop,9924,1000441_1,52933,Hong Kong,Hong Kong
2060589,100048,5/23/24,5/25/24,tablet,9924,100048_1,26235,Phuket,Thailand
2060776,1000543,11/1/24,11/2/24,desktop,1432,1000543_1,46258,London,United Kingdom
2060963,1000543,11/4/24,11/6/24,desktop,1432,1000543_1,44869,Edinburgh,United Kingdom
2061150,1000558,7/17/24,7/19/24,mobile,359,1000558_1,48483,New York City,United States
2061337,1000558,7/20/24,7/21/24,desktop,9924,1000558_1,5325,Miami,United States
2061524,1000558,7/22/24,7/23/24,mobile,359,1000558_1,55,Las Vegas,United States
2061711,1000558,7/23/24,7/25/24,desktop,9924,1000558_1,29319,Los Angeles,United States
2061898,1000558,7/27/24,7/28/24,desktop,9924,1000558_1,66815,Orlando,United States
2062085,1000732,4/24/24,4/25/24,desktop,3110,1000732_1,17127,New York City,United States
2062272,1000732,4/25/24,4/26/24,desktop,10332,1000732_1,55128,Miami,United States
2062459,1000732,4/26/24,4/28/24,desktop,9627,1000732_1,64876,Las Vegas,United States
2062646,1000732,4/28/24,4/29/24,desktop,10332,1000732_1,64876,Las Vegas,United States
2062833,1000921,12/21/24,12/23/24,mobile,359,1000921_3,6582,Paris,France
2063020,1001588,6/28/24,7/5/24,mobile,359,1001588_2,51517,Dubai,United Arab Emirates
2063207,1001591,7/1/24,7/3/24,desktop,9924,1001591_2,3763,New York City,United States
2063394,1001591,7/3/24,7/5/24,desktop,9924,1001591_2,26235,Phuket,Thailand
2063581,1001591,7/6/24,7/8/24,desktop,9924,1001591_2,64876,Las Vegas,United States
2063768,1001591,7/8/24,7/10/24,desktop,9924,1001591_2,16521,Kuala Lumpur,Malaysia
2063955,1001597,10/11/24,10/13/24,mobile,359,1001597_3,66815,Orlando,United States
2064142,1001597,10/14/24,10/17/24,desktop,2230,1001597_3,23921,San Francisco,United States
2064329,100186,4/30/24,5/2/24,desktop,9924,100186_1,26235,Phuket,Thailand
2064516,100186,5/3/24,5/5/24,desktop,8094,100186_1,21480,Pattaya,Thailand
2064703,100197,8/15/24,8/16/24,mobile,359,100197_2,58819,Los Angeles,United States
2064890,1002056,8/5/24,8/8/24,desktop,9924,1002056_2,29907,Istanbul,Turkey
2065077,1002092,7/10/24,7/12/24,desktop,7974,1002092_1,12308,Jaipur,India
2065264,1002092,7/12/24,7/14/24,desktop,2661,1002092_1,64824,Kolkata,India
2065451,1002092,7/16/24,7/18/24,desktop,2661,1002092_1,51135,Bangalore,India
2065638,1002303,8/29/24,8/31/24,desktop,9924,1002303_2,2748,Guangzhou,China
2065825,1002561,3/11/24,3/12/24,desktop,384,1002561_1,55128,Miami,United States
2066012,100257,8/6/24,8/10/24,desktop,9924,100257_1,17013,Rome,Italy
2066199,100257,8/10/24,8/12/24,desktop,9924,100257_1,60222,Milan,Italy
2066386,1002625,9/23/24,9/30/24,desktop,9924,1002625_1,51259,Tokyo,Japan
2066573,1002625,9/30/24,10/6/24,mobile,1025,1002625_1,51259,Tokyo,Japan
2066760,1002740,9/9/24,9/12/24,desktop,9924,1002740_1,47499,Bangkok,Thailand
2066947,1002740,9/12/24,9/16/24,desktop,9924,1002740_1,14549,Phuket,Thailand
2067134,1002760,9/4/24,9/7/24,desktop,9924,1002760_1,23921,San Francisco,United States
2067321,1002760,9/9/24,9/12/24,desktop,9924,1002760_1,48483,New York City,United States
2067508,1002760,9/12/24,9/13/24,desktop,9924,1002760_1,5325,Miami,United States
2067695,1002760,9/13/24,9/15/24,desktop,9924,1002760_1,55,Las Vegas,United States
2067882,1002760,9/15/24,9/17/24,desktop,9924,1002760_1,29319,Los Angeles,United States
2068069,1003040,9/27/24,9/28/24,desktop,9924,1003040_3,23714,Miami,United States
2068256,1003040,9/28/24,9/30/24,desktop,9924,1003040_3,30520,Las Vegas,United States
2068443,1003040,9/30/24,10/2/24,mobile,359,1003040_3,26235,Phuket,Thailand
2068630,1003040,10/2/24,10/3/24,desktop,9924,1003040_3,3763,New York City,United States
2068817,1003630,7/22/24,7/25/24,desktop,9924,1003630_1,48483,New York City,United States
2069004,1003645,7/21/24,7/23/24,desktop,99,1003645_1,55128,Miami,United States
2069191,1003645,7/25/24,7/27/24,desktop,2526,1003645_1,14827,Orlando,United States
2069378,1003678,7/23/24,7/30/24,mobile,359,1003678_1,48483,New York City,United States
2069565,1003678,7/30/24,7/31/24,mobile,359,1003678_1,5325,Miami,United States
2069752,1003678,8/2/24,8/3/24,mobile,359,1003678_1,55,Las Vegas,United States
2069939,1003678,8/3/24,8/13/24,mobile,359,1003678_1,29319,Los Angeles,United States
2070126,1003678,8/9/24,8/12/24,mobile,359,1003678_1,23921,San Francisco,United States
2070313,1003678,8/13/24,8/15/24,mobile,359,1003678_1,66815,Orlando,United States
2070500,1003775,6/27/24,6/29/24,desktop,9924,1003775_1,29319,Los Angeles,United States
2070687,1003775,6/29/24,7/1/24,mobile,5357,1003775_1,66815,Orlando,United States
2070874,1003775,7/5/24,7/6/24,mobile,5357,1003775_1,5325,Miami,United States
2071061,1003919,7/5/24,7/9/24,desktop,3449,1003919_1,51291,Los Angeles,United States
2071248,1003919,7/9/24,7/12/24,desktop,3449,1003919_1,3763,New York City,United States
2071435,1003919,7/14/24,7/17/24,mobile,359,1003919_1,36063,Mecca,Saudi Arabia
2071622,1003983,5/4/24,5/7/24,desktop,384,1003983_1,62185,Prague,Czech Republic
2071809,1004021,3/24/24,3/25/24,desktop,4797,1004021_2,19771,Johannesburg,South Africa
2071996,1004021,3/25/24,3/29/24,desktop,5357,1004021_2,2078,Amsterdam,Netherlands
2072183,1004050,7/25/24,7/29/24,mobile,7974,1004050_1,62611,Ho Chi Minh City,Vietnam
2072370,1004131,9/30/24,10/1/24,mobile,359,1004131_2,53859,Manchester,United Kingdom
2072557,1004131,10/2/24,10/3/24,mobile,359,1004131_2,29770,York,United Kingdom
2072744,1004131,10/4/24,10/5/24,mobile,359,1004131_2,52818,Liverpool,United Kingdom
2072931,100414,10/22/24,10/24/24,tablet,9924,100414_2,31057,Pattaya,Thailand
2073118,100414,10/25/24,10/28/24,tablet,9924,100414_2,10485,Chiang Mai,Thailand
2073305,1004251,12/24/24,12/26/24,mobile,359,1004251_3,51291,Los Angeles,United States
2073492,1004251,12/26/24,12/29/24,mobile,359,1004251_3,26235,Phuket,Thailand
2073679,1004251,12/29/24,12/30/24,mobile,359,1004251_3,66648,Orlando,United States
2073866,1004251,12/30/24,1/1/25,mobile,359,1004251_3,23714,Miami,United States
2074053,1004444,9/4/24,9/6/24,desktop,9924,1004444_1,20345,San Francisco,United States
2074240,1004444,9/8/24,9/9/24,desktop,2436,1004444_1,28829,Honolulu,United States
2074427,1004745,7/16/24,7/18/24,desktop,9924,1004745_1,60274,Jakarta,Indonesia
2074614,1004745,7/18/24,7/20/24,desktop,9924,1004745_1,36063,Mecca,Saudi Arabia
2074801,1004745,7/20/24,7/22/24,mobile,6271,1004745_1,9608,Washington D.C.,United States
2074988,1013298,11/9/24,11/10/24,desktop,3634,1013298_1,16521,Kuala Lumpur,Malaysia
2075175,1013694,5/29/24,5/30/24,mobile,9924,1013694_3,19444,Toronto,Canada
2075362,1013694,5/30/24,5/31/24,mobile,9924,1013694_3,64269,Vancouver,Canada
2075549,1013837,8/3/24,8/6/24,tablet,4541,1013837_1,26235,Phuket,Thailand
2075736,1013968,8/19/24,8/21/24,desktop,4797,1013968_1,23921,San Francisco,United States
2075923,1013968,8/23/24,8/24/24,desktop,8436,1013968_1,65322,Boston,United States
2076110,1013968,8/28/24,8/30/24,desktop,384,1013968_1,29319,Los Angeles,United States
2076297,1013968,8/31/24,9/1/24,desktop,384,1013968_1,55,Las Vegas,United States
2076484,1013968,9/1/24,9/2/24,desktop,384,1013968_1,5325,Miami,United States
2076671,1013995,10/31/24,11/1/24,desktop,774,1013995_1,47499,Bangkok,Thailand
2076858,1014088,7/27/24,7/30/24,desktop,9924,1014088_1,47976,Tokyo,Japan
2077045,1014088,7/30/24,8/1/24,mobile,359,1014088_1,15990,Osaka,Japan
2077232,1014175,5/4/24,5/5/24,desktop,2661,1014175_1,55128,Miami,United States
2077419,1014175,10/3/24,10/4/24,desktop,2661,1014175_2,19448,Cancún,Mexico
2077606,1014175,10/6/24,10/7/24,mobile,359,1014175_2,2369,Mexico City,Mexico
2077793,1014208,8/9/24,8/10/24,mobile,359,1014208_1,25025,Johannesburg,South Africa
2077980,1014208,8/10/24,8/12/24,desktop,9924,1014208_1,25025,Johannesburg,South Africa
2078167,1014390,1/21/24,1/22/24,desktop,9924,1014390_1,51517,Dubai,United Arab Emirates
2078354,1014390,1/22/24,1/23/24,desktop,797,1014390_1,51517,Dubai,United Arab Emirates
2078541,1014520,6/2/24,6/3/24,tablet,3631,1014520_2,20345,San Francisco,United States
2078728,1014639,8/5/24,8/7/24,desktop,8436,1014639_1,47499,Bangkok,Thailand
2078915,1014639,8/11/24,8/13/24,desktop,8436,1014639_2,10485,Chiang Mai,Thailand
2079102,1014639,8/15/24,8/16/24,desktop,8436,1014639_2,47499,Bangkok,Thailand
2079289,1014639,8/16/24,8/18/24,desktop,8436,1014639_2,31057,Pattaya,Thailand
2079476,1014639,8/18/24,8/20/24,desktop,8436,1014639_2,26345,Bangkok,Thailand
2079663,1014776,2/14/24,2/15/24,mobile,359,1014776_1,26436,Cancún,Mexico
2079850,1014776,2/17/24,2/19/24,mobile,359,1014776_1,46026,Mexico City,Mexico
2080037,1014802,10/15/24,10/16/24,mobile,7539,1014802_1,16047,San Jose,United States
2080224,1014967,5/3/24,5/5/24,desktop,9924,1014967_1,17127,New York City,United States
2080411,1014967,5/5/24,5/8/24,desktop,9924,1014967_1,58178,Medina,Saudi Arabia
2080598,1014967,5/8/24,5/11/24,mobile,359,1014967_1,40521,Boston,United States
2080785,1014967,5/11/24,5/15/24,mobile,359,1014967_1,64876,Las Vegas,United States
2080972,1014967,5/15/24,5/18/24,mobile,359,1014967_1,382,Chicago,United States
2081159,1014967,5/18/24,5/19/24,mobile,359,1014967_1,55128,Miami,United States
2081346,1014967,5/24/24,5/25/24,mobile,359,1014967_1,29907,Istanbul,Turkey
2081533,1014967,5/25/24,5/28/24,desktop,9924,1014967_1,21929,Antalya,Turkey
2081720,1014972,6/24/24,6/28/24,desktop,9924,1014972_1,17013,Rome,Italy
2081907,1014972,6/28/24,6/30/24,desktop,7974,1014972_1,63151,Venice,Italy
2082094,1015053,4/30/24,5/2/24,desktop,353,1015053_2,64269,Vancouver,Canada
2082281,1015342,8/19/24,8/20/24,desktop,384,1015342_2,37689,Riyadh,Saudi Arabia
2082468,101548,12/24/24,12/25/24,mobile,9924,101548_1,7410,Amsterdam,Netherlands
2082655,101548,12/27/24,12/28/24,mobile,9452,101548_1,2078,Amsterdam,Netherlands
2082842,1015510,6/7/24,6/9/24,desktop,6369,1015510_1,2748,Guangzhou,China
2083029,1015528,4/26/24,4/27/24,desktop,3417,1015528_1,65322,Boston,United States
2083216,1015528,4/27/24,4/28/24,desktop,3417,1015528_1,22175,Philadelphia,United States
2083403,1015688,1/24/24,1/25/24,desktop,3449,1015688_1,52815,Barcelona,Spain
2083590,1015843,11/20/24,11/23/24,desktop,9924,1015843_1,44869,Edinburgh,United Kingdom
2083777,1015843,11/23/24,11/25/24,desktop,9924,1015843_1,16521,Kuala Lumpur,Malaysia
2083964,1015843,11/25/24,11/27/24,desktop,9924,1015843_1,21929,Antalya,Turkey
2084151,1015843,11/27/24,11/30/24,desktop,9924,1015843_1,28154,Sydney,Australia
2084338,1016113,8/21/24,8/25/24,desktop,6262,1016113_1,47527,Fukuoka,Japan
2084525,1016113,9/3/24,9/7/24,desktop,9924,1016113_1,47976,Tokyo,Japan
2084712,1016787,6/18/24,6/19/24,desktop,1601,1016787_2,52933,Hong Kong,Hong Kong
2084899,1017057,3/28/24,3/30/24,desktop,2449,1017057_1,14549,Phuket,Thailand
2085086,1017057,3/30/24,4/1/24,desktop,2661,1017057_1,31057,Pattaya,Thailand
2085273,1017057,4/1/24,4/2/24,desktop,2661,1017057_1,14549,Phuket,Thailand
2085460,1017127,5/18/24,5/20/24,mobile,9452,1017127_7,21929,Antalya,Turkey
2085647,1017154,8/13/24,8/17/24,mobile,359,1017154_1,29770,York,United Kingdom
2085834,1017274,4/20/24,4/21/24,tablet,9924,1017274_1,58178,Medina,Saudi Arabia
2086021,1017274,7/12/24,7/15/24,tablet,9924,1017274_2,47499,Bangkok,Thailand
2086208,1017274,7/15/24,7/17/24,tablet,9924,1017274_2,51517,Dubai,United Arab Emirates
2086395,10173,9/18/24,9/19/24,desktop,8436,10173_1,2748,Guangzhou,China
2086582,10173,9/21/24,9/22/24,desktop,8436,10173_1,46854,Shanghai,China
2086769,1017648,9/29/24,10/3/24,desktop,342,1017648_1,51291,Los Angeles,United States
2086956,1017687,8/23/24,8/24/24,mobile,9924,1017687_1,36073,Seoul,South Korea
2087143,1017687,8/24/24,8/25/24,mobile,9924,1017687_1,60143,Jeju,South Africa
2087330,101773,12/22/24,12/24/24,desktop,1552,101773_1,30520,Las Vegas,United States
2087517,1017783,1/19/25,1/20/25,desktop,2661,1017783_1,17127,New York City,United States
2087704,1017783,1/20/25,1/22/25,desktop,2661,1017783_1,9608,Washington D.C.,United States
2087891,1017783,1/22/25,1/24/25,desktop,2661,1017783_1,55128,Miami,United States
2088078,1017783,1/24/25,1/27/25,desktop,2661,1017783_1,64876,Las Vegas,United States
2088265,1017783,1/27/25,1/28/25,desktop,9924,1017783_1,47378,Philadelphia,United States
2088452,1017783,1/28/25,1/31/25,desktop,7974,1017783_1,36063,Mecca,Saudi Arabia
2088639,1017783,2/4/25,2/7/25,desktop,7974,1017783_1,3763,New York City,United States
2088826,1017841,12/18/24,12/19/24,desktop,9924,1017841_2,56198,Bristol,United Kingdom
2089013,1017877,2/12/25,2/13/25,desktop,4541,1017877_1,6582,Paris,France
2089200,1017983,7/2/24,7/11/24,desktop,9924,1017983_1,44869,Edinburgh,United Kingdom
2089387,1017983,7/3/24,7/10/24,desktop,774,1017983_1,27404,Chicago,United States
2089574,1018205,8/29/24,9/1/24,desktop,8436,1018205_1,48483,New York City,United States
2089761,1018205,9/4/24,9/6/24,desktop,620,1018205_1,8750,Houston,United States
2089948,1018982,4/9/24,4/10/24,desktop,9924,1018982_1,36073,Seoul,South Korea
2090135,101906,11/5/24,11/7/24,tablet,4541,101906_1,47976,Tokyo,Japan
2090322,1019198,7/21/24,7/22/24,desktop,7974,1019198_1,26436,Cancún,Mexico
2090509,1019198,7/22/24,7/24/24,mobile,359,1019198_1,26436,Cancún,Mexico
2090696,1019198,7/24/24,7/26/24,mobile,359,1019198_1,2369,Mexico City,Mexico
2090883,1019198,7/26/24,7/27/24,mobile,359,1019198_1,46026,Mexico City,Mexico
2091070,1019301,2/17/24,2/20/24,mobile,359,1019301_1,47486,Kyoto,Japan
2091257,101967,3/29/24,3/30/24,desktop,384,101967_2,52571,Salzburg,Austria
2091444,101976,6/29/24,7/2/24,desktop,9924,101976_1,66815,Orlando,United States
2091631,1019807,7/12/24,7/13/24,desktop,384,1019807_2,8750,Houston,United States
2091818,1019807,7/13/24,7/15/24,desktop,9598,1019807_2,65322,Boston,United States
2092005,1019807,7/16/24,7/19/24,desktop,384,1019807_2,23921,San Francisco,United States
2092192,1019836,3/1/24,3/7/24,desktop,9924,1019836_2,31890,Brussels,Belgium
2092379,1019836,3/7/24,3/8/24,desktop,9924,1019836_2,49668,Brussels,Belgium
2092566,1019837,8/11/24,8/13/24,desktop,4235,1019837_1,6788,Houston,United States
2092753,1019837,8/13/24,8/15/24,desktop,4235,1019837_1,9608,Washington D.C.,United States
2092940,1019837,8/15/24,8/17/24,desktop,4235,1019837_1,21033,Atlanta,United States
2093127,1019893,5/8/24,5/10/24,mobile,9452,1019893_1,9608,Washington D.C.,United States
2093314,1019893,5/10/24,5/12/24,mobile,9452,1019893_1,17127,New York City,United States
2093501,1019893,5/12/24,5/15/24,tablet,9452,1019893_1,3763,New York City,United States
2093688,1019893,5/15/24,5/16/24,tablet,9452,1019893_1,3505,Honolulu,United States
2093875,1019893,5/16/24,5/18/24,tablet,9452,1019893_1,30520,Las Vegas,United States
2094062,1019893,5/18/24,5/21/24,tablet,9452,1019893_1,51291,Los Angeles,United States
2094249,1019988,10/24/24,10/25/24,desktop,5755,1019988_1,55196,Muğla,Turkey
2094436,1019988,10/25/24,10/28/24,desktop,4541,1019988_1,21929,Antalya,Turkey
2094623,102018,9/2/24,9/3/24,mobile,2803,102018_1,47486,Kyoto,Japan
2094810,102018,9/3/24,9/5/24,mobile,359,102018_1,3082,Chiba,Japan
2094997,1020191,9/15/24,9/17/24,desktop,9924,1020191_2,28829,Honolulu,United States
2095184,102021,10/13/24,10/14/24,desktop,3634,102021_1,36073,Seoul,South Korea
2095371,1020367,8/17/24,8/21/24,mobile,359,1020367_1,17127,New York City,United States
2095558,1020811,8/13/24,8/15/24,desktop,9924,1020811_2,52571,Salzburg,Austria
2095745,102100,1/21/24,1/23/24,desktop,9924,102100_1,16521,Kuala Lumpur,Malaysia
2095932,102100,1/23/24,1/24/24,desktop,9924,102100_1,21929,Antalya,Turkey
2096119,102100,1/24/24,1/25/24,desktop,9924,102100_1,28154,Sydney,Australia
2096306,102100,1/25/24,1/28/24,desktop,9924,102100_1,62185,Prague,Czech Republic
2096493,1021248,7/14/24,7/15/24,mobile,9452,1021248_1,36063,Mecca,Saudi Arabia
2096680,1021373,7/31/24,8/3/24,tablet,3631,1021373_2,55128,Miami,United States
2096867,1021373,8/3/24,8/5/24,tablet,3631,1021373_2,14827,Orlando,United States
2097054,1021373,8/9/24,8/11/24,tablet,3631,1021373_2,47378,Philadelphia,United States
2097241,1021373,8/11/24,8/12/24,tablet,3631,1021373_2,21033,Atlanta,United States
2097428,1021413,10/19/24,10/22/24,tablet,9924,1021413_3,28154,Sydney,Australia
2097615,1021413,10/22/24,10/24/24,tablet,9924,1021413_3,16521,Kuala Lumpur,Malaysia
2097802,1021413,10/24/24,10/26/24,tablet,9924,1021413_3,29770,York,United Kingdom
2097989,1021413,10/26/24,10/27/24,tablet,9924,1021413_3,64269,Vancouver,Canada
2098176,1021413,10/27/24,10/28/24,tablet,9924,1021413_3,55196,Muğla,Turkey
2098363,1021432,4/6/24,4/7/24,mobile,359,1021432_3,28829,Honolulu,United States
2098550,1021481,5/21/24,5/27/24,desktop,9924,1021481_1,17013,Rome,Italy
2098737,1021481,5/27/24,6/1/24,desktop,9924,1021481_1,60222,Milan,Italy
2098924,1021567,3/10/24,3/12/24,desktop,9924,1021567_1,47499,Bangkok,Thailand
2099111,1021894,9/14/24,9/18/24,mobile,359,1021894_2,55763,Vienna,Austria
2099298,1022070,9/28/24,9/29/24,desktop,9924,1022070_1,55763,Vienna,Austria
2099485,1022101,9/16/24,9/17/24,desktop,9924,1022101_2,13530,Chiang Mai,Thailand
2099672,1022101,9/19/24,9/21/24,desktop,9924,1022101_2,26235,Phuket,Thailand
2099859,102233,8/15/24,8/16/24,desktop,9924,102233_1,53207,Berlin,Germany
2100046,1022382,10/17/24,10/18/24,mobile,359,1022382_1,66815,Orlando,United States
2100233,1022382,10/18/24,10/19/24,mobile,359,1022382_1,58413,Atlanta,United States
2100420,1022382,10/19/24,10/20/24,mobile,359,1022382_1,23921,San Francisco,United States
2100607,1022476,12/30/24,1/1/25,mobile,9452,1022476_10,58413,Atlanta,United States
2100794,1022476,1/1/25,1/3/25,mobile,9452,1022476_10,23921,San Francisco,United States
2100981,1022486,10/14/24,10/15/24,tablet,2436,1022486_1,47759,Hong Kong,Hong Kong
2101168,1022553,4/15/24,4/16/24,desktop,9924,1022553_1,52818,Liverpool,United Kingdom
2101355,1022553,4/16/24,4/18/24,desktop,9848,1022553_1,29770,York,United Kingdom
2101542,1022715,6/1/24,6/3/24,desktop,9924,1022715_1,46258,London,United Kingdom
2101729,1022715,6/3/24,6/6/24,desktop,9924,1022715_1,36063,Mecca,Saudi Arabia
2101916,1022721,9/5/24,9/7/24,desktop,3449,1022721_1,2416,Cairo,Egypt
2102103,1022721,9/7/24,9/10/24,desktop,2803,1022721_1,28479,Cairo,Egypt
2102290,1022721,9/10/24,9/13/24,desktop,7774,1022721_1,7246,Hurghada,Egypt
2102477,1022739,3/17/24,3/25/24,desktop,9924,1022739_1,19771,Johannesburg,South Africa
2102664,1022739,3/25/24,3/29/24,desktop,9924,1022739_1,7410,Amsterdam,Netherlands
2102851,1022786,9/24/24,9/27/24,desktop,9924,1022786_1,58178,Medina,Saudi Arabia
2103038,1022786,9/28/24,9/30/24,desktop,9924,1022786_1,1034,Dammam,Saudi Arabia
2103225,1022786,9/30/24,10/3/24,desktop,9924,1022786_1,51291,Los Angeles,United States
2103412,1022894,12/19/24,12/20/24,mobile,359,1022894_3,53859,Manchester,United Kingdom
2103599,1022894,12/22/24,12/24/24,mobile,359,1022894_3,29770,York,United Kingdom
2103786,1022894,12/24/24,12/26/24,mobile,359,1022894_3,64269,Vancouver,Canada
2103973,1022894,12/26/24,12/27/24,mobile,359,1022894_3,36170,Montreal,Canada
2104160,1022894,12/27/24,12/28/24,mobile,359,1022894_3,19444,Toronto,Canada
2104347,1022894,12/28/24,12/29/24,mobile,359,1022894_3,43306,Montreal,Canada
2104534,1022894,12/29/24,12/31/24,mobile,359,1022894_3,37689,Riyadh,Saudi Arabia
2104721,1023078,4/12/24,4/15/24,desktop,8979,1023078_1,51517,Dubai,United Arab Emirates
2104908,1048704,2/18/24,2/20/24,desktop,2463,1048704_2,55284,Brussels,Belgium
2105095,1048792,8/17/24,8/19/24,desktop,9924,1048792_1,55128,Miami,United States
2105282,1048792,8/19/24,8/20/24,desktop,9924,1048792_1,9608,Washington D.C.,United States
2105469,1048792,8/20/24,8/21/24,mobile,384,1048792_1,40521,Boston,United States
2105656,1048792,8/21/24,8/22/24,desktop,384,1048792_1,64876,Las Vegas,United States
2105843,1049063,6/12/24,6/16/24,mobile,359,1049063_1,4932,Florence,Italy
2106030,1049063,6/13/24,6/15/24,mobile,10332,1049063_1,60222,Milan,Italy
2106217,1049110,8/5/24,8/7/24,desktop,9924,1049110_1,55128,Miami,United States
2106404,1049110,8/10/24,8/11/24,desktop,384,1049110_1,9608,Washington D.C.,United States
2106591,1049110,8/11/24,8/12/24,desktop,9924,1049110_1,6788,Houston,United States
2106778,1049160,4/26/24,4/29/24,desktop,8094,1049160_1,382,Chicago,United States
2106965,1049163,1/11/24,1/12/24,mobile,359,1049163_1,47499,Bangkok,Thailand
2107152,1049225,10/25/24,10/26/24,tablet,3564,1049225_1,17127,New York City,United States
2107339,1049490,11/1/24,11/3/24,desktop,8436,1049490_1,38677,Dallas,United States
2107526,1049490,11/3/24,11/4/24,mobile,10546,1049490_1,48968,Honolulu,United States
2107713,1049490,11/5/24,11/6/24,mobile,10546,1049490_1,8335,Savannah,United States
2107900,1049857,10/2/24,10/4/24,desktop,9924,1049857_3,48483,New York City,United States
2108087,1049857,10/4/24,10/5/24,desktop,9627,1049857_3,5325,Miami,United States
2108274,1050001,8/1/24,8/2/24,mobile,5357,1050001_1,47976,Tokyo,Japan
2108461,1050169,12/21/24,12/28/24,desktop,9924,1050169_3,17127,New York City,United States
2108648,1050169,12/22/24,12/27/24,desktop,9924,1050169_3,9608,Washington D.C.,United States
2108835,105021,5/19/24,5/21/24,desktop,384,105021_1,55128,Miami,United States
2109022,1050229,5/24/24,5/26/24,desktop,384,1050229_1,13530,Chiang Mai,Thailand
2109209,1050229,5/26/24,5/29/24,desktop,9924,1050229_1,26235,Phuket,Thailand
2109396,1050229,5/29/24,5/30/24,tablet,3631,1050229_1,13150,Krabi,Thailand
2109583,1050263,11/9/24,11/12/24,desktop,9924,1050263_4,42356,Ha Long,Vietnam
2109770,1050390,8/21/24,8/23/24,desktop,8132,1050390_2,66648,Orlando,United States
2109957,1050390,8/24/24,8/27/24,desktop,8132,1050390_2,26235,Phuket,Thailand
2110144,1050390,8/28/24,8/29/24,desktop,4668,1050390_2,18417,San Francisco,United States
2110331,1050487,9/10/24,9/12/24,mobile,6089,1050487_1,6788,Houston,United States
2110518,1050579,2/17/24,2/18/24,desktop,5755,1050579_1,30520,Las Vegas,United States
2110705,1050579,2/19/24,2/20/24,mobile,8953,1050579_1,18417,San Francisco,United States
2110892,1050674,7/9/24,7/11/24,desktop,10332,1050674_1,47499,Bangkok,Thailand
2111079,1050820,2/5/24,2/6/24,desktop,9924,1050820_1,7410,Amsterdam,Netherlands
2111266,1050820,2/7/24,2/8/24,mobile,359,1050820_1,7410,Amsterdam,Netherlands
2111453,1050845,1/13/24,1/14/24,desktop,9924,1050845_1,49668,Brussels,Belgium
2111640,1050845,1/15/24,1/16/24,desktop,9924,1050845_1,35997,Brussels,Belgium
2111827,1050845,1/16/24,1/18/24,desktop,9924,1050845_1,31890,Brussels,Belgium
2112014,1050845,1/18/24,1/19/24,desktop,9924,1050845_1,55284,Brussels,Belgium
2112201,1050845,1/19/24,1/20/24,desktop,9924,1050845_1,67176,Brussels,Belgium
2112388,1050845,1/20/24,1/21/24,desktop,9924,1050845_1,22297,Brussels,Belgium
2112575,1050906,7/17/24,7/18/24,desktop,1195,1050906_1,7410,Amsterdam,Netherlands
2112762,1050906,7/23/24,7/24/24,desktop,2674,1050906_1,7410,Amsterdam,Netherlands
2112949,105110,12/7/24,12/8/24,desktop,9924,105110_1,55,Las Vegas,United States
2113136,105110,12/8/24,12/9/24,desktop,9924,105110_1,29319,Los Angeles,United States
2113323,105110,12/14/24,12/15/24,desktop,9924,105110_2,23921,San Francisco,United States
2113510,1051183,8/13/24,8/14/24,desktop,9924,1051183_9,55763,Vienna,Austria
2113697,1051188,9/13/24,9/20/24,desktop,1931,1051188_3,33022,Madrid,Spain
2113884,1051495,7/28/24,7/30/24,desktop,384,1051495_1,55128,Miami,United States
2114071,1051495,7/30/24,8/1/24,desktop,384,1051495_1,14827,Orlando,United States
2114258,1051507,6/26/24,7/10/24,desktop,9924,1051507_1,17013,Rome,Italy
2114445,1051638,8/8/24,8/9/24,desktop,5154,1051638_1,17127,New York City,United States
2114632,1051638,8/9/24,8/12/24,desktop,5154,1051638_1,36063,Mecca,Saudi Arabia
2114819,1051831,8/14/24,8/17/24,desktop,9924,1051831_1,51291,Los Angeles,United States
2115006,1051831,8/17/24,8/20/24,desktop,9924,1051831_1,9608,Washington D.C.,United States
2115193,1051901,8/1/24,8/2/24,desktop,3467,1051901_1,43306,Montreal,Canada
2115380,1051901,8/7/24,8/8/24,desktop,384,1051901_2,17127,New York City,United States
2115567,1051949,7/6/24,7/7/24,desktop,4541,1051949_1,53859,Manchester,United Kingdom
2115754,1052086,4/2/24,4/3/24,desktop,9924,1052086_1,23714,Miami,United States
2115941,1052086,4/3/24,4/5/24,desktop,9924,1052086_1,30520,Las Vegas,United States
2116128,1052086,4/5/24,4/6/24,desktop,9924,1052086_1,18417,San Francisco,United States
2116315,1052124,10/23/24,10/24/24,tablet,9924,1052124_1,23921,San Francisco,United States
2116502,1052124,10/29/24,10/31/24,mobile,9924,1052124_1,22175,Philadelphia,United States
2116689,1052124,10/31/24,11/2/24,mobile,9924,1052124_1,65322,Boston,United States
2116876,1052124,11/2/24,11/3/24,mobile,9924,1052124_1,8750,Houston,United States
2117063,1052170,2/13/24,2/15/24,mobile,359,1052170_1,47486,Kyoto,Japan
2117250,1052170,2/16/24,2/19/24,mobile,359,1052170_1,47976,Tokyo,Japan
2117437,1052222,10/12/24,10/14/24,desktop,5080,1052222_1,53859,Manchester,United Kingdom
2117624,1052264,9/5/24,9/7/24,desktop,8436,1052264_1,51765,Munich,Germany
2117811,105227,5/18/24,5/21/24,desktop,384,105227_1,13530,Chiang Mai,Thailand
2117998,105227,5/21/24,5/23/24,desktop,9924,105227_1,21480,Pattaya,Thailand
2118185,105227,5/23/24,5/26/24,desktop,9924,105227_1,26235,Phuket,Thailand
2118372,1052283,2/28/24,2/29/24,desktop,9288,1052283_1,28829,Honolulu,United States
2118559,1052283,2/29/24,3/3/24,desktop,384,1052283_1,20345,San Francisco,United States
2118746,105234,10/7/24,10/22/24,desktop,5513,105234_1,2416,Cairo,Egypt
2118933,105234,10/8/24,10/10/24,desktop,5513,105234_1,7246,Hurghada,Egypt
2119120,1052629,8/17/24,8/19/24,mobile,359,1052629_1,48483,New York City,United States
2119307,1052629,8/22/24,8/23/24,mobile,359,1052629_1,55,Las Vegas,United States
2119494,1052827,10/4/24,10/6/24,desktop,9924,1052827_1,62541,Dallas,United States
2119681,1042142,7/14/24,7/16/24,desktop,9924,1042142_1,62185,Prague,Czech Republic
2119868,1042147,2/28/24,3/11/24,desktop,1931,1042147_2,2416,Cairo,Egypt
2120055,1042147,3/2/24,3/6/24,desktop,1931,1042147_2,47193,Hurghada,Egypt
2120242,1042322,7/5/24,7/6/24,desktop,2661,1042322_1,13931,Portland,United States
2120429,1042322,7/8/24,7/10/24,desktop,2661,1042322_1,48483,New York City,United States
2120616,1042410,9/11/24,9/12/24,desktop,9924,1042410_1,8335,Savannah,United States
2120803,1042410,9/12/24,9/13/24,desktop,9924,1042410_1,38677,Dallas,United States
2120990,1042445,9/5/24,9/8/24,desktop,9924,1042445_1,55196,Muğla,Turkey
2121177,1042445,9/8/24,9/10/24,mobile,359,1042445_1,48343,Istanbul,Turkey
2121364,1042445,9/10/24,9/14/24,mobile,6934,1042445_1,48343,Istanbul,Turkey
2121551,1042638,5/14/24,5/15/24,mobile,359,1042638_1,22065,Beijing,China
2121738,1042638,5/21/24,5/24/24,mobile,359,1042638_1,46854,Shanghai,China
2121925,1042765,1/29/25,2/1/25,mobile,359,1042765_2,51291,Los Angeles,United States
2122112,1042765,2/1/25,2/2/25,mobile,359,1042765_2,66648,Orlando,United States
2122299,1042765,2/2/25,2/3/25,mobile,359,1042765_2,18417,San Francisco,United States
2122486,1042772,7/26/24,7/30/24,desktop,9924,1042772_1,61320,Graz,Austria
2122673,1043187,8/6/24,8/8/24,mobile,359,1043187_1,51291,Los Angeles,United States
2122860,1043187,8/8/24,8/9/24,mobile,359,1043187_1,30520,Las Vegas,United States
2123047,1043187,8/9/24,8/10/24,mobile,359,1043187_1,66648,Orlando,United States
2123234,104340,1/10/25,1/11/25,desktop,9924,104340_1,21328,Washington D.C.,United States
2123421,104340,1/11/25,1/12/25,desktop,9924,104340_1,8335,Savannah,United States
2123608,1043547,4/8/24,4/9/24,desktop,9924,1043547_1,52818,Liverpool,United Kingdom
2123795,1043547,4/10/24,4/11/24,desktop,9924,1043547_1,16521,Kuala Lumpur,Malaysia
2123982,1043547,4/11/24,4/12/24,mobile,384,1043547_1,16521,Kuala Lumpur,Malaysia
2124169,1043597,8/5/24,8/13/24,desktop,10351,1043597_1,33022,Madrid,Spain
2124356,1043652,3/29/24,3/31/24,desktop,9924,1043652_1,16521,Kuala Lumpur,Malaysia
2124543,1043652,4/1/24,4/4/24,desktop,9924,1043652_1,21929,Antalya,Turkey
2124730,1043736,6/15/24,6/17/24,desktop,9598,1043736_2,61320,Graz,Austria
2124917,104392,5/10/24,5/12/24,desktop,4541,104392_1,55128,Miami,United States
2125104,104392,5/23/24,5/25/24,desktop,4541,104392_3,55196,Muğla,Turkey
2125291,104392,5/25/24,5/26/24,desktop,384,104392_3,55196,Muğla,Turkey
2125478,104392,5/30/24,6/1/24,desktop,5755,104392_3,21929,Antalya,Turkey
2125665,1044246,8/22/24,8/25/24,desktop,9924,1044246_1,29770,York,United Kingdom
2125852,1044246,9/1/24,9/4/24,desktop,9924,1044246_1,36063,Mecca,Saudi Arabia
2126039,1044265,7/27/24,7/29/24,mobile,359,1044265_1,21033,Atlanta,United States
2126226,1044265,7/29/24,7/31/24,desktop,4455,1044265_1,64876,Las Vegas,United States
2126413,1044265,7/31/24,8/2/24,desktop,4455,1044265_1,40521,Boston,United States
2126600,1044357,5/8/24,5/11/24,mobile,359,1044357_1,45188,Dublin,Ireland
2126787,1044357,5/11/24,5/14/24,mobile,359,1044357_1,36063,Mecca,Saudi Arabia
2126974,1044357,5/14/24,5/16/24,mobile,359,1044357_1,43306,Montreal,Canada
2127161,1044743,12/4/24,12/5/24,mobile,359,1044743_4,14549,Phuket,Thailand
2127348,1044791,7/9/24,7/11/24,desktop,4568,1044791_1,29319,Los Angeles,United States
2127535,1044791,7/11/24,7/14/24,desktop,9924,1044791_1,23921,San Francisco,United States
2127722,1044791,7/14/24,7/15/24,desktop,9924,1044791_1,58413,Atlanta,United States
2127909,1044908,7/6/24,7/8/24,tablet,3631,1044908_3,31890,Brussels,Belgium
2128096,1044908,7/8/24,7/10/24,tablet,3631,1044908_3,55284,Brussels,Belgium
2128283,1044908,7/10/24,7/12/24,tablet,3631,1044908_3,22297,Brussels,Belgium
2128470,1044908,10/3/24,10/4/24,mobile,359,1044908_4,26436,Cancún,Mexico
2128657,1045172,5/4/24,5/7/24,mobile,8600,1045172_2,23921,San Francisco,United States
2128844,1045172,5/7/24,5/8/24,mobile,8600,1045172_2,29319,Los Angeles,United States
2129031,1045253,3/24/24,3/25/24,desktop,1931,1045253_1,48343,Istanbul,Turkey
2129218,1045253,3/25/24,3/27/24,desktop,1931,1045253_1,55196,Muğla,Turkey
2129405,1045260,7/15/24,7/17/24,desktop,7974,1045260_1,46026,Mexico City,Mexico
2129592,1045260,7/17/24,7/18/24,desktop,7974,1045260_1,19448,Cancún,Mexico
2129779,1045276,10/10/24,10/13/24,desktop,8436,1045276_1,36063,Mecca,Saudi Arabia
2129966,1045343,7/2/24,7/3/24,desktop,3417,1045343_2,52818,Liverpool,United Kingdom
2130153,1045343,7/5/24,7/7/24,mobile,359,1045343_2,46258,London,United Kingdom
2130340,1045343,7/9/24,7/10/24,desktop,8521,1045343_2,16521,Kuala Lumpur,Malaysia
2130527,104550,3/30/24,3/31/24,mobile,7974,104550_3,17127,New York City,United States
2130714,104550,3/31/24,4/1/24,mobile,1432,104550_3,9608,Washington D.C.,United States
2130901,104550,4/1/24,4/4/24,mobile,1432,104550_3,55128,Miami,United States
2131088,1045598,3/12/24,3/14/24,desktop,9924,1045598_1,47499,Bangkok,Thailand
2131275,1045980,7/31/24,8/2/24,desktop,3074,1045980_1,64876,Las Vegas,United States
2131462,1046252,10/18/24,10/19/24,desktop,9924,1046252_1,29770,York,United Kingdom
2131649,1046252,10/19/24,10/20/24,desktop,9924,1046252_1,58741,Jerusalem,Israel
2131836,1046466,8/1/24,8/6/24,tablet,9924,1046466_10,25025,Johannesburg,South Africa
2132023,1046466,8/6/24,8/13/24,tablet,9924,1046466_10,51517,Dubai,United Arab Emirates
2132210,1046466,8/13/24,8/15/24,desktop,11,1046466_10,25025,Johannesburg,South Africa
2132397,1046466,12/14/24,12/18/24,tablet,9924,1046466_15,36063,Mecca,Saudi Arabia
2132584,1046466,3/26/24,4/4/24,mobile,9924,1046466_3,36063,Mecca,Saudi Arabia
2132771,1046466,4/4/24,4/5/24,tablet,9924,1046466_3,55763,Vienna,Austria
2132958,1046470,10/24/24,10/30/24,mobile,2436,1046470_1,38677,Dallas,United States
2133145,1046470,10/26/24,10/28/24,mobile,384,1046470_1,21328,Washington D.C.,United States
2133332,104658,5/6/24,5/7/24,mobile,359,104658_1,46258,London,United Kingdom
2133519,1046830,5/7/24,5/8/24,desktop,9924,1046830_1,52818,Liverpool,United Kingdom
2133706,1046847,8/24/24,8/25/24,desktop,9598,1046847_2,31890,Brussels,Belgium
2133893,104689,3/4/24,3/7/24,desktop,3134,104689_1,36170,Montreal,Canada
2134080,104689,3/7/24,3/9/24,desktop,3134,104689_1,29770,York,United Kingdom
2134267,104689,3/9/24,3/10/24,desktop,3134,104689_1,52818,Liverpool,United Kingdom
2134454,1046970,6/15/24,6/16/24,desktop,384,1046970_1,62541,Dallas,United States
2134641,1041507,11/4/24,11/5/24,mobile,9924,1041507_1,60274,Jakarta,Indonesia
2134828,1041526,8/14/24,8/15/24,desktop,2436,1041526_1,66648,Orlando,United States
2135015,1041596,6/21/24,6/24/24,mobile,359,1041596_1,47499,Bangkok,Thailand
2135202,1041596,6/26/24,6/28/24,mobile,359,1041596_1,47486,Kyoto,Japan
2135389,1041598,1/29/25,1/31/25,mobile,359,1041598_3,8766,Cape Town,South Africa
2135576,1041598,1/31/25,2/2/25,mobile,359,1041598_3,735,Seoul,South Korea
2135763,1041601,9/29/24,10/2/24,desktop,11,1041601_1,17013,Rome,Italy
2135950,1041601,10/3/24,10/5/24,desktop,11,1041601_1,60222,Milan,Italy
2136137,1041717,8/6/24,8/7/24,desktop,9924,1041717_2,43306,Montreal,Canada
2136324,1041717,8/8/24,8/9/24,desktop,9924,1041717_2,19444,Toronto,Canada
2136511,1041850,2/2/25,2/4/25,desktop,2661,1041850_1,6582,Paris,France
2136698,1041850,2/8/25,2/9/25,desktop,9924,1041850_1,6582,Paris,France
2136885,1041971,12/2/24,12/5/24,desktop,4541,1041971_1,47499,Bangkok,Thailand
2137072,1041971,12/5/24,12/8/24,desktop,4541,1041971_1,42356,Ha Long,Vietnam
2137259,1041971,12/12/24,12/13/24,mobile,359,1041971_1,42356,Ha Long,Vietnam
2137446,1042013,5/21/24,5/23/24,desktop,9924,1042013_1,13150,Krabi,Thailand
2137633,1042025,6/19/24,6/21/24,desktop,3451,1042025_1,4932,Florence,Italy
2137820,1042025,6/21/24,6/25/24,desktop,3451,1042025_1,17013,Rome,Italy
2138007,104203,8/11/24,8/13/24,desktop,10332,104203_1,47378,Philadelphia,United States
2138194,1042083,6/17/24,6/20/24,mobile,9924,1042083_1,17127,New York City,United States
2138381,1035940,7/30/24,8/3/24,mobile,359,1035940_1,8335,Savannah,United States
2138568,1035940,8/1/24,8/2/24,mobile,359,1035940_1,21328,Washington D.C.,United States
2138755,1035968,8/11/24,8/12/24,tablet,3631,1035968_1,46854,Shanghai,China
2138942,1035968,8/16/24,8/18/24,tablet,3631,1035968_1,2748,Guangzhou,China
2139129,1035968,8/18/24,8/23/24,tablet,3631,1035968_1,22065,Beijing,China
2139316,1036129,11/4/24,11/5/24,desktop,9924,1036129_1,55,Las Vegas,United States
2139503,1036129,11/5/24,11/7/24,desktop,9924,1036129_1,29319,Los Angeles,United States
2139690,1036129,11/7/24,11/9/24,desktop,9924,1036129_1,21987,New Orleans,United States
2139877,1036129,11/9/24,11/10/24,desktop,9924,1036129_1,65322,Boston,United States
2140064,1036129,11/10/24,11/11/24,desktop,9924,1036129_1,23921,San Francisco,United States
2140251,1036153,9/26/24,9/30/24,desktop,9924,1036153_1,26436,Cancún,Mexico
2140438,1036222,11/2/24,11/3/24,desktop,384,1036222_1,26235,Phuket,Thailand
2140625,1036222,11/3/24,11/4/24,desktop,4541,1036222_1,26235,Phuket,Thailand
2140812,1036222,11/4/24,11/5/24,desktop,10332,1036222_1,13530,Chiang Mai,Thailand
2140999,1036222,11/5/24,11/6/24,desktop,384,1036222_1,13530,Chiang Mai,Thailand
2141186,1036388,9/30/24,10/1/24,desktop,83,1036388_1,17127,New York City,United States
2141373,1036388,10/1/24,10/2/24,desktop,83,1036388_1,47378,Philadelphia,United States
2141560,1036388,10/2/24,10/4/24,desktop,83,1036388_1,55128,Miami,United States
2141747,1036388,10/4/24,10/5/24,desktop,3530,1036388_1,9608,Washington D.C.,United States
2141934,1004745,7/22/24,7/25/24,desktop,2230,1004745_1,55128,Miami,United States
2142121,1004745,7/25/24,7/27/24,desktop,9924,1004745_1,64876,Las Vegas,United States
2142308,1004764,7/18/24,7/20/24,mobile,7539,1004764_1,64876,Las Vegas,United States
2142495,1004764,7/20/24,7/23/24,mobile,359,1004764_1,382,Chicago,United States
2142682,1005436,6/4/24,6/9/24,desktop,3449,1005436_1,52815,Barcelona,Spain
2142869,1005436,6/9/24,6/16/24,mobile,9452,1005436_1,33022,Madrid,Spain
2143056,1005701,5/19/24,5/20/24,desktop,9598,1005701_1,52571,Salzburg,Austria
2143243,1005765,5/14/24,5/16/24,desktop,4668,1005765_2,21480,Pattaya,Thailand
2143430,1005776,8/19/24,8/21/24,desktop,4541,1005776_1,9608,Washington D.C.,United States
2143617,1005776,8/21/24,8/23/24,desktop,4541,1005776_1,55128,Miami,United States
2143804,1005811,3/9/24,3/10/24,mobile,359,1005811_1,53859,Manchester,United Kingdom
2143991,1005944,5/25/24,5/27/24,mobile,359,1005944_1,14549,Phuket,Thailand
2144178,1006092,2/8/24,2/9/24,desktop,3417,1006092_2,8766,Cape Town,South Africa
2144365,1006092,2/9/24,2/10/24,desktop,3417,1006092_2,51999,Durban,South Africa
2144552,1006212,9/12/24,9/14/24,desktop,774,1006212_5,16521,Kuala Lumpur,Malaysia
2144739,1006212,9/14/24,9/16/24,desktop,51,1006212_5,16521,Kuala Lumpur,Malaysia
2144926,1006317,9/27/24,9/30/24,desktop,384,1006317_1,26235,Phuket,Thailand
2145113,1006317,10/2/24,10/3/24,tablet,9924,1006317_1,21480,Pattaya,Thailand
2145300,1006331,7/8/24,7/10/24,mobile,359,1006331_2,17127,New York City,United States
2145487,1006331,7/10/24,7/11/24,mobile,359,1006331_2,58178,Medina,Saudi Arabia
2145674,1006331,7/11/24,7/13/24,mobile,359,1006331_2,60002,Riyadh,Saudi Arabia
2145861,1018205,9/6/24,9/7/24,desktop,620,1018205_1,23921,San Francisco,United States
2146048,1018205,9/7/24,9/9/24,desktop,8436,1018205_1,29319,Los Angeles,United States
2146235,1018221,8/16/24,8/17/24,desktop,2436,1018221_1,37689,Riyadh,Saudi Arabia
2146422,1018221,8/17/24,8/19/24,desktop,2436,1018221_1,1034,Dammam,Saudi Arabia
2146609,1018337,4/12/24,4/17/24,desktop,5755,1018337_1,61320,Graz,Austria
2146796,1018337,4/15/24,4/16/24,desktop,384,1018337_1,52571,Salzburg,Austria
2146983,1018337,4/17/24,4/20/24,mobile,9924,1018337_1,55763,Vienna,Austria
2147170,1018344,7/27/24,7/30/24,mobile,9452,1018344_1,64876,Las Vegas,United States
2147357,1018344,7/30/24,8/2/24,mobile,9452,1018344_1,9608,Washington D.C.,United States
2147544,1018344,8/2/24,8/4/24,mobile,9452,1018344_1,55128,Miami,United States
2147731,1018350,10/7/24,10/10/24,desktop,9924,1018350_1,60222,Milan,Italy
2147918,1018418,8/10/24,8/12/24,mobile,9452,1018418_1,31890,Brussels,Belgium
2148105,101845,6/19/24,6/23/24,desktop,3521,101845_1,17013,Rome,Italy
2148292,101845,6/26/24,6/29/24,mobile,359,101845_1,60222,Milan,Italy
2148479,101845,6/29/24,7/1/24,desktop,3451,101845_1,60222,Milan,Italy
2148666,1018639,9/1/24,9/2/24,mobile,359,1018639_4,52933,Hong Kong,Hong Kong
2148853,1018639,9/3/24,9/4/24,mobile,359,1018639_4,47759,Hong Kong,Hong Kong
2149040,1018974,1/18/24,1/22/24,desktop,4568,1018974_1,51517,Dubai,United Arab Emirates
2149227,1018974,1/22/24,1/27/24,tablet,3631,1018974_1,51517,Dubai,United Arab Emirates
2149414,1018982,4/7/24,4/9/24,desktop,9924,1018982_1,19771,Johannesburg,South Africa
2149601,1054618,8/6/24,8/9/24,mobile,359,1054618_2,26235,Phuket,Thailand
2149788,1054852,8/3/24,8/16/24,mobile,359,1054852_1,47527,Fukuoka,Japan
2149975,1054873,7/19/24,7/21/24,desktop,4541,1054873_1,52571,Salzburg,Austria
2150162,105495,8/15/24,8/18/24,mobile,359,105495_3,16521,Kuala Lumpur,Malaysia
2150349,105495,8/20/24,8/21/24,mobile,359,105495_3,28154,Sydney,Australia
2150536,1055047,8/25/24,8/27/24,desktop,384,1055047_1,2748,Guangzhou,China
2150723,1055256,4/3/24,4/5/24,desktop,7974,1055256_1,19444,Toronto,Canada
2150910,1055256,4/5/24,4/7/24,desktop,2605,1055256_1,17127,New York City,United States
2151097,1055256,4/8/24,4/10/24,desktop,8065,1055256_1,64876,Las Vegas,United States
2151284,1055256,4/10/24,4/11/24,desktop,8065,1055256_1,62185,Prague,Czech Republic
2151471,1055337,12/17/24,12/19/24,desktop,5755,1055337_1,47499,Bangkok,Thailand
2151658,1055337,12/19/24,12/26/24,desktop,9924,1055337_1,10485,Chiang Mai,Thailand
2151845,1055523,9/1/24,9/4/24,mobile,359,1055523_6,53859,Manchester,United Kingdom
2152032,1055528,1/22/24,1/23/24,desktop,9924,1055528_1,60274,Jakarta,Indonesia
2152219,1055528,1/23/24,1/25/24,desktop,9924,1055528_1,45188,Dublin,Ireland
2152406,1055585,1/16/25,1/18/25,desktop,8304,1055585_1,10485,Chiang Mai,Thailand
2152593,1028169,7/1/24,7/3/24,mobile,359,1028169_4,31057,Pattaya,Thailand
2152780,1028169,7/3/24,7/5/24,mobile,359,1028169_4,14549,Phuket,Thailand
2152967,1028169,7/6/24,7/11/24,mobile,359,1028169_4,10485,Chiang Mai,Thailand
2153154,1028465,7/23/24,7/24/24,desktop,7307,1028465_1,699,Dallas,United States
2153341,1028465,7/26/24,7/31/24,desktop,7307,1028465_1,21033,Atlanta,United States
2153528,1028707,10/2/24,10/3/24,mobile,359,1028707_1,58413,Atlanta,United States
2153715,1028707,10/5/24,10/6/24,mobile,359,1028707_1,23921,San Francisco,United States
2153902,1028734,5/1/24,5/3/24,desktop,8094,1028734_1,12308,Jaipur,India
2154089,1029019,10/11/24,10/13/24,desktop,384,1029019_1,13530,Chiang Mai,Thailand
2154276,1029334,5/8/24,5/9/24,mobile,359,1029334_1,60143,Jeju,South Africa
2154463,1029334,5/10/24,5/11/24,mobile,359,1029334_1,735,Seoul,South Korea
2154650,1029334,5/11/24,5/13/24,mobile,359,1029334_1,8766,Cape Town,South Africa
2154837,1030158,6/15/24,6/17/24,desktop,774,1030158_1,52818,Liverpool,United Kingdom
2155024,1030158,6/17/24,6/21/24,desktop,2739,1030158_1,44869,Edinburgh,United Kingdom
2155211,1030239,7/17/24,7/18/24,tablet,3631,1030239_1,52571,Salzburg,Austria
2155398,1030239,7/19/24,7/20/24,desktop,9924,1030239_1,61320,Graz,Austria
2155585,1030537,7/25/24,7/29/24,desktop,8225,1030537_4,36073,Seoul,South Korea
2155772,1030586,7/12/24,7/15/24,desktop,9924,1030586_1,55763,Vienna,Austria
2155959,1030586,7/15/24,7/27/24,desktop,10497,1030586_1,55763,Vienna,Austria
2156146,1030587,12/7/24,12/8/24,desktop,5357,1030587_7,56198,Bristol,United Kingdom
2156333,1028169,6/25/24,6/30/24,mobile,359,1028169_4,47499,Bangkok,Thailand
2156520,1011531,12/11/24,12/13/24,mobile,359,1011531_1,44869,Edinburgh,United Kingdom
2156707,1011574,3/30/24,4/2/24,desktop,9924,1011574_1,47976,Tokyo,Japan
2156894,1011574,4/4/24,4/7/24,desktop,9924,1011574_1,15990,Osaka,Japan
2157081,1011794,1/29/24,2/1/24,mobile,9452,1011794_1,10485,Chiang Mai,Thailand
2157268,1011794,2/3/24,2/4/24,mobile,9452,1011794_1,47499,Bangkok,Thailand
2157455,1012042,8/19/24,8/20/24,desktop,9924,1012042_1,20345,San Francisco,United States
2157642,1012065,3/20/24,3/21/24,mobile,359,1012065_1,23921,San Francisco,United States
2157829,1012353,8/4/24,8/7/24,desktop,9924,1012353_2,58741,Jerusalem,Israel
2158016,1012571,8/5/24,8/8/24,desktop,9627,1012571_1,47499,Bangkok,Thailand
2158203,1012571,8/12/24,8/15/24,desktop,384,1012571_1,10485,Chiang Mai,Thailand
2158390,1012712,1/12/24,1/13/24,desktop,9924,1012712_1,44869,Edinburgh,United Kingdom
2158577,1012736,4/30/24,5/1/24,mobile,359,1012736_1,64824,Kolkata,India
2158764,1012861,1/27/24,1/30/24,mobile,359,1012861_1,10485,Chiang Mai,Thailand
2158951,1012861,2/2/24,2/7/24,mobile,359,1012861_1,31057,Pattaya,Thailand
2159138,1012861,2/7/24,2/12/24,mobile,359,1012861_1,9526,Krabi,Thailand
2159325,1012926,11/4/24,11/9/24,mobile,359,1012926_3,9526,Krabi,Thailand
2159512,1013298,11/4/24,11/6/24,desktop,8521,1013298_1,16521,Kuala Lumpur,Malaysia
2159699,1013298,11/6/24,11/7/24,desktop,3530,1013298_1,63418,Johor Bahru,Malaysia
2159886,1013298,11/8/24,11/9/24,desktop,3634,1013298_1,55196,Muğla,Turkey
2160073,1023167,7/18/24,7/20/24,desktop,2436,1023167_1,13530,Chiang Mai,Thailand
2160260,1023201,8/23/24,8/26/24,desktop,10332,1023201_1,45188,Dublin,Ireland
2160447,1023288,1/31/25,2/3/25,mobile,359,1023288_1,4932,Florence,Italy
2160634,1023288,2/3/25,2/6/25,desktop,3417,1023288_1,60222,Milan,Italy
2160821,1023288,2/6/25,2/7/25,mobile,359,1023288_1,50957,Florence,Italy
2161008,1023462,8/9/24,8/11/24,desktop,2436,1023462_1,13530,Chiang Mai,Thailand
2161195,1023462,8/11/24,8/18/24,desktop,8436,1023462_1,13150,Krabi,Thailand
2161382,1023581,12/26/24,12/27/24,desktop,9924,1023581_1,45188,Dublin,Ireland
2161569,1023581,12/29/24,12/30/24,desktop,9924,1023581_1,52818,Liverpool,United Kingdom
2161756,1023841,8/8/24,8/11/24,mobile,359,1023841_1,43306,Montreal,Canada
2161943,1023841,8/14/24,8/17/24,mobile,359,1023841_1,64269,Vancouver,Canada
2162130,1023991,11/19/24,11/21/24,desktop,8899,1023991_1,42356,Ha Long,Vietnam
2162317,1023991,11/21/24,11/24/24,desktop,8899,1023991_1,62611,Ho Chi Minh City,Vietnam
2162504,1024256,5/18/24,5/19/24,mobile,9452,1024256_1,60002,Riyadh,Saudi Arabia
2162691,1024256,5/19/24,5/20/24,mobile,9452,1024256_1,1034,Dammam,Saudi Arabia
2162878,1024286,7/11/24,7/18/24,mobile,359,1024286_1,10485,Chiang Mai,Thailand
2163065,1024750,8/22/24,8/23/24,desktop,384,1024750_4,51765,Munich,Germany
2163252,1024750,8/23/24,8/24/24,desktop,384,1024750_4,53207,Berlin,Germany
2163439,1024827,8/7/24,8/8/24,desktop,1471,1024827_1,699,Dallas,United States
2163626,1024827,8/8/24,8/10/24,desktop,1471,1024827_1,55128,Miami,United States
2163813,1046970,6/16/24,6/17/24,desktop,384,1046970_1,22490,San Jose,United States
2164000,1047140,2/6/24,2/7/24,mobile,359,1047140_1,2369,Mexico City,Mexico
2164187,1047140,2/7/24,2/8/24,mobile,359,1047140_1,26436,Cancún,Mexico
2164374,1047605,1/29/25,1/30/25,desktop,3530,1047605_1,47486,Kyoto,Japan
2164561,1047636,10/3/24,10/7/24,desktop,9924,1047636_3,46854,Shanghai,China
2164748,1047838,9/2/24,9/3/24,desktop,384,1047838_2,58413,Atlanta,United States
2164935,1047838,9/4/24,9/6/24,desktop,384,1047838_2,29319,Los Angeles,United States
2165122,1047838,9/6/24,9/7/24,desktop,384,1047838_2,55,Las Vegas,United States
2165309,1047838,9/8/24,9/10/24,desktop,384,1047838_2,5325,Miami,United States
2165496,1047896,6/9/24,6/12/24,mobile,9452,1047896_2,10485,Chiang Mai,Thailand
2165683,1047896,6/12/24,6/13/24,mobile,9452,1047896_2,47499,Bangkok,Thailand
2165870,1047896,6/13/24,6/17/24,tablet,384,1047896_2,47976,Tokyo,Japan
2166057,104792,4/9/24,4/10/24,desktop,9924,104792_1,56198,Bristol,United Kingdom
2166244,1048017,7/19/24,7/20/24,desktop,9924,1048017_1,64876,Las Vegas,United States
2166431,1048017,7/20/24,7/21/24,mobile,8132,1048017_1,64876,Las Vegas,United States
2166618,1048017,7/27/24,7/28/24,mobile,8065,1048017_1,64876,Las Vegas,United States
2166805,1048017,10/19/24,10/23/24,desktop,8065,1048017_2,6582,Paris,France
2166992,1048435,7/3/24,7/5/24,desktop,8521,1048435_1,26436,Cancún,Mexico
2167179,104847,8/9/24,8/11/24,mobile,359,104847_1,6582,Paris,France
2167366,1048704,2/14/24,2/16/24,desktop,2463,1048704_2,22297,Brussels,Belgium
2167553,1053129,11/25/24,11/26/24,desktop,9924,1053129_1,26345,Bangkok,Thailand
2167740,1053129,11/30/24,12/1/24,desktop,9924,1053129_1,47499,Bangkok,Thailand
2167927,105333,8/1/24,8/3/24,desktop,2436,105333_1,42356,Ha Long,Vietnam
2168114,105333,8/3/24,8/5/24,mobile,9452,105333_1,42356,Ha Long,Vietnam
2168301,105333,8/5/24,8/9/24,mobile,9452,105333_1,62611,Ho Chi Minh City,Vietnam
2168488,1053508,7/6/24,7/7/24,desktop,2135,1053508_5,17127,New York City,United States
2168675,1053508,7/7/24,7/8/24,mobile,2135,1053508_5,9608,Washington D.C.,United States
2168862,1053918,8/19/24,8/20/24,desktop,2535,1053918_1,36063,Mecca,Saudi Arabia
2169049,105391,5/1/24,5/3/24,desktop,8132,105391_2,47499,Bangkok,Thailand
2169236,105391,5/3/24,5/5/24,desktop,10332,105391_2,47499,Bangkok,Thailand
2169423,1053924,9/17/24,9/20/24,desktop,1074,1053924_2,13530,Chiang Mai,Thailand
2169610,1053924,9/20/24,9/23/24,desktop,9924,1053924_2,26235,Phuket,Thailand
2169797,1053924,9/23/24,9/26/24,desktop,1074,1053924_2,13150,Krabi,Thailand
2169984,1054211,7/31/24,8/1/24,desktop,9924,1054211_1,60002,Riyadh,Saudi Arabia
2170171,1054211,8/1/24,8/2/24,desktop,9924,1054211_1,58178,Medina,Saudi Arabia
2170358,1054211,8/2/24,8/3/24,desktop,9924,1054211_1,17127,New York City,United States
2170545,1054311,9/7/24,9/9/24,mobile,359,1054311_1,43306,Montreal,Canada
2170732,1054311,9/9/24,9/10/24,mobile,359,1054311_1,19444,Toronto,Canada
2170919,1054311,9/10/24,9/12/24,mobile,359,1054311_1,29770,York,United Kingdom
2171106,1054311,9/12/24,9/15/24,mobile,359,1054311_1,44869,Edinburgh,United Kingdom
2171293,1054343,1/11/24,1/12/24,mobile,359,1054343_1,36063,Mecca,Saudi Arabia